"Name","System Name","Last Altered","Owner","Definer","Text"
"AUTHORIZATIONS","AUTHIDS","7/22/15 10:00:47 AM","QSYS","CONMGR",""
"CATALOG_NAME","SYSCAT2","7/4/15 3:02:33 AM","QSYS","QSYS",""
"CHARACTER_SETS","SYSCHRSET1","7/4/15 3:02:33 AM","QSYS","QSYS",""
"CHARACTER_SETS_S","SYSCHRSET2","7/4/15 3:02:33 AM","QSYS","QSYS",""
"CHECK_CONSTRAINTS","CHECK_CSTS","7/22/15 10:00:48 AM","QSYS","CONMGR",""
"COLUMNS","COLUMNS","7/22/15 10:00:47 AM","QSYS","CONMGR",""
"COLUMNS_S","COLUMNS_S","7/22/15 10:00:47 AM","QSYS","CONMGR",""
"INFORMATION_SCHEMA_CATALOG_NAME","SYSCAT1","7/4/15 3:02:33 AM","QSYS","QSYS",""
"PARAMETERS","PARAMETERS","7/4/15 3:02:33 AM","QSYS","QSYS",""
"PARAMETERS_S","PARM_S","7/4/15 3:02:33 AM","QSYS","QSYS",""
"REF_CONSTRAINTS","REF_CST2","7/22/15 10:00:48 AM","QSYS","CONMGR",""
"REFERENTIAL_CONSTRAINTS","REF_CST1","7/22/15 10:00:47 AM","QSYS","CONMGR",""
"ROUTINES","ROUTINES","7/4/15 3:02:33 AM","QSYS","QSYS",""
"ROUTINES_S","ROUTINES_S","7/4/15 3:02:33 AM","QSYS","QSYS",""
"SCHEMATA","SCHEMATA","7/22/15 10:00:46 AM","QSYS","CONMGR",""
"SCHEMATA_S","SCHEMATA_S","7/22/15 10:00:46 AM","QSYS","CONMGR",""
"SCHEMA0001","SCHEMA0001","7/4/15 3:02:33 AM","QSYS","QSYS","Old name SCHEMATA in SYSIBM owned by QSYS."
"SCHEMA0002","SCHEMA0002","7/4/15 3:02:33 AM","QSYS","QSYS","Old name SCHEMATA_S in SYSIBM owned by QSYS."
"SQL_LANGUAGES_S","SQL_LANG_S","7/4/15 3:02:33 AM","QSYS","QSYS",""
"SQLCOLPRIVILEGES","SQLCOLPRIV","7/22/15 10:00:45 AM","QSYS","CONMGR",""
"SQLCOLUMNS","SQLCOLUMNS","7/22/15 10:00:44 AM","QSYS","CONMGR",""
"SQLCOLUMNS2","SQLCOLUMN2","7/22/15 10:01:43 AM","QSYS","CONMGR",""
"SQLFOREIGNKEYS","SQLFORKEYS","7/22/15 10:00:44 AM","QSYS","CONMGR",""
"SQLFUNCTIONCOLS","SQLFUNCOL","7/22/15 10:00:45 AM","QSYS","CONMGR",""
"SQLFUNCTIONS","SQLFUNCS","7/22/15 10:00:45 AM","QSYS","CONMGR",""
"SQLPRIMARYKEYS","SQLPRIKEYS","7/22/15 10:00:44 AM","QSYS","CONMGR",""
"SQLPROCEDURECOLS","SQLPROCCOL","7/4/15 3:02:33 AM","QSYS","QSYS",""
"SQLPROCEDURES","SQLPROCS","7/4/15 3:02:33 AM","QSYS","QSYS",""
"SQLSCHEMAS","SQLSCHEMAS","7/22/15 10:00:43 AM","QSYS","CONMGR",""
"SQLSCH0001","SQLSCH0001","7/4/15 3:02:33 AM","QSYS","QSYS","Old name SQLSCHEMAS in SYSIBM owned by QSYS."
"SQLSPECIALCOLUMNS","SQLSPECCOL","7/22/15 10:00:44 AM","QSYS","CONMGR",""
"SQLSTATISTICS","SQLSTATS","7/4/15 3:02:33 AM","QSYS","QSYS",""
"SQLSTA0001","SQLSTA0001","7/4/15 3:02:33 AM","QSYS","QSYS","Old name SQLSTATS in SYSIBM owned by QSYS."
"SQLTABLEPRIVILEGES","SQLTBLPRIV","7/22/15 10:00:45 AM","QSYS","CONMGR",""
"SQLTABLES","SQLTABLES","7/22/15 10:00:42 AM","QSYS","CONMGR",""
"SQLTABLETYPES","SQLTBLTYPE","7/4/15 3:02:33 AM","QSYS","QSYS",""
"SQLTBL0001","SQLTBL0001","7/4/15 3:02:33 AM","QSYS","QSYS","Old name SQLTBLTYPE in SYSIBM owned by QSYS."
"SQLUDTS","SQLUDTS","7/4/15 3:02:33 AM","QSYS","QSYS",""
"SYSCAT0001","SYSCAT0001","7/4/15 3:02:33 AM","QSYS","QSYS","Old name SYSCAT1 in SYSIBM owned by QSYS."
"SYSCAT0002","SYSCAT0002","7/4/15 3:02:33 AM","QSYS","QSYS","Old name SYSCAT2 in SYSIBM owned by QSYS."
"SYSCHR0001","SYSCHR0001","7/4/15 3:02:33 AM","QSYS","QSYS","Old name SYSCHRSET1 in SYSIBM owned by QSYS."
"SYSCHR0002","SYSCHR0002","7/4/15 3:02:33 AM","QSYS","QSYS","Old name SYSCHRSET2 in SYSIBM owned by QSYS."
"SYSJARCONTENTS","SYSJARCONV","7/4/15 3:02:33 AM","QSYS","QSYS",""
"SYSJAROBJECTS","SYSJAROBJV","7/4/15 3:02:33 AM","QSYS","QSYS",""
"SYSPARTITIONSTAT","SYSPSTAT","7/4/15 3:02:33 AM","QSYS","QSYS",""
"SYSTABLESTAT","SYSTSTAT","7/4/15 3:02:33 AM","QSYS","QSYS",""
"TABLE_CONSTRAINTS","TABLE_CSTS","7/22/15 10:00:47 AM","QSYS","CONMGR",""
"TABLES","TABLES","7/22/15 10:00:46 AM","QSYS","CONMGR",""
"TABLES_S","TABLES_S","7/22/15 10:00:46 AM","QSYS","CONMGR",""
"UDT_S","UDT_S","7/4/15 3:02:33 AM","QSYS","QSYS",""
"USER_DEFINED_TYPES","UDTS","7/4/15 3:02:33 AM","QSYS","QSYS",""
"VIEWS","VIEWS","7/22/15 10:00:46 AM","QSYS","CONMGR",""
